y,name,x,z,w,primary_type
1333,Rogers Park,23.6,50,8.7,03
78,Rogers Park,23.6,50,8.7,22
264,Rogers Park,23.6,50,8.7,15
319,Rogers Park,23.6,50,8.7,24
813,Rogers Park,23.6,50,8.7,07
1398,Rogers Park,23.6,50,8.7,05
5716,Rogers Park,23.6,50,8.7,06
1379,Rogers Park,23.6,50,8.7,08A
148,Rogers Park,23.6,50,8.7,17
854,Rogers Park,23.6,50,8.7,11
4591,Rogers Park,23.6,50,8.7,08B
4,Rogers Park,23.6,50,8.7,13
3428,Rogers Park,23.6,50,8.7,26
55,Rogers Park,23.6,50,8.7,19
120,Rogers Park,23.6,50,8.7,02
3153,Rogers Park,23.6,50,8.7,14
360,Rogers Park,23.6,50,8.7,04A
23,Rogers Park,23.6,50,8.7,09
20,Rogers Park,23.6,50,8.7,01A
2965,Rogers Park,23.6,50,8.7,18
103,Rogers Park,23.6,50,8.7,20
178,Rogers Park,23.6,50,8.7,16
602,Rogers Park,23.6,50,8.7,04B
164,Rogers Park,23.6,50,8.7,10
7,Rogers Park,23.6,50,8.7,12
8,West Ridge,17.2,70,8.8,12
354,West Ridge,17.2,70,8.8,04B
47,West Ridge,17.2,70,8.8,16
108,West Ridge,17.2,70,8.8,20
159,West Ridge,17.2,70,8.8,10
9,West Ridge,17.2,70,8.8,01A
256,West Ridge,17.2,70,8.8,04A
40,West Ridge,17.2,70,8.8,09
1560,West Ridge,17.2,70,8.8,18
17,West Ridge,17.2,70,8.8,19
2394,West Ridge,17.2,70,8.8,26
10,West Ridge,17.2,70,8.8,13
3371,West Ridge,17.2,70,8.8,08B
3602,West Ridge,17.2,70,8.8,14
110,West Ridge,17.2,70,8.8,02
120,West Ridge,17.2,70,8.8,17
1060,West Ridge,17.2,70,8.8,08A
792,West Ridge,17.2,70,8.8,11
2007,West Ridge,17.2,70,8.8,05
5719,West Ridge,17.2,70,8.8,06
161,West Ridge,17.2,70,8.8,24
1139,West Ridge,17.2,70,8.8,07
800,West Ridge,17.2,70,8.8,03
50,West Ridge,17.2,70,8.8,22
136,West Ridge,17.2,70,8.8,15
966,Uptown,24,50,8.9,07
245,Uptown,24,50,8.9,24
157,Uptown,24,50,8.9,15
809,Uptown,24,50,8.9,03
60,Uptown,24,50,8.9,22
1176,Uptown,24,50,8.9,11
1235,Uptown,24,50,8.9,08A
169,Uptown,24,50,8.9,17
6758,Uptown,24,50,8.9,06
1136,Uptown,24,50,8.9,05
3295,Uptown,24,50,8.9,18
18,Uptown,24,50,8.9,01A
282,Uptown,24,50,8.9,04A
16,Uptown,24,50,8.9,09
2480,Uptown,24,50,8.9,14
136,Uptown,24,50,8.9,02
8,Uptown,24,50,8.9,13
3697,Uptown,24,50,8.9,08B
25,Uptown,24,50,8.9,19
2583,Uptown,24,50,8.9,26
11,Uptown,24,50,8.9,12
143,Uptown,24,50,8.9,10
83,Uptown,24,50,8.9,16
61,Uptown,24,50,8.9,20
464,Uptown,24,50,8.9,04B
52,Lincoln Square,10.9,30,8.2,15
47,Lincoln Square,10.9,30,8.2,22
275,Lincoln Square,10.9,30,8.2,03
740,Lincoln Square,10.9,30,8.2,07
112,Lincoln Square,10.9,30,8.2,24
3631,Lincoln Square,10.9,30,8.2,06
931,Lincoln Square,10.9,30,8.2,05
511,Lincoln Square,10.9,30,8.2,11
72,Lincoln Square,10.9,30,8.2,17
515,Lincoln Square,10.9,30,8.2,08A
50,Lincoln Square,10.9,30,8.2,02
1733,Lincoln Square,10.9,30,8.2,14
1218,Lincoln Square,10.9,30,8.2,26
6,Lincoln Square,10.9,30,8.2,19
1692,Lincoln Square,10.9,30,8.2,08B
6,Lincoln Square,10.9,30,8.2,13
676,Lincoln Square,10.9,30,8.2,18
7,Lincoln Square,10.9,30,8.2,09
107,Lincoln Square,10.9,30,8.2,04A
2,Lincoln Square,10.9,30,8.2,01A
71,Lincoln Square,10.9,30,8.2,10
129,Lincoln Square,10.9,30,8.2,04B
27,Lincoln Square,10.9,30,8.2,20
24,Lincoln Square,10.9,30,8.2,16
2,Lincoln Square,10.9,30,8.2,12
4,North Center,7.5,30,5.2,19
1034,North Center,7.5,30,5.2,26
6,North Center,7.5,30,5.2,13
952,North Center,7.5,30,5.2,08B
1484,North Center,7.5,30,5.2,14
44,North Center,7.5,30,5.2,02
3,North Center,7.5,30,5.2,01A
15,North Center,7.5,30,5.2,09
62,North Center,7.5,30,5.2,04A
365,North Center,7.5,30,5.2,18
92,North Center,7.5,30,5.2,04B
4,North Center,7.5,30,5.2,16
16,North Center,7.5,30,5.2,20
74,North Center,7.5,30,5.2,10
5,North Center,7.5,30,5.2,12
21,North Center,7.5,30,5.2,22
223,North Center,7.5,30,5.2,03
34,North Center,7.5,30,5.2,15
62,North Center,7.5,30,5.2,24
541,North Center,7.5,30,5.2,07
1201,North Center,7.5,30,5.2,05
3799,North Center,7.5,30,5.2,06
52,North Center,7.5,30,5.2,17
336,North Center,7.5,30,5.2,08A
524,North Center,7.5,30,5.2,11
186,Lake View,11.4,90,4.7,17
1030,Lake View,11.4,90,4.7,08A
2458,Lake View,11.4,90,4.7,11
2976,Lake View,11.4,90,4.7,05
15136,Lake View,11.4,90,4.7,06
272,Lake View,11.4,90,4.7,24
1456,Lake View,11.4,90,4.7,07
1502,Lake View,11.4,90,4.7,03
113,Lake View,11.4,90,4.7,22
75,Lake View,11.4,90,4.7,15
10,Lake View,11.4,90,4.7,12
391,Lake View,11.4,90,4.7,04B
104,Lake View,11.4,90,4.7,16
24,Lake View,11.4,90,4.7,20
207,Lake View,11.4,90,4.7,10
7,Lake View,11.4,90,4.7,01A
180,Lake View,11.4,90,4.7,04A
16,Lake View,11.4,90,4.7,09
1234,Lake View,11.4,90,4.7,18
5,Lake View,11.4,90,4.7,19
2680,Lake View,11.4,90,4.7,26
9,Lake View,11.4,90,4.7,13
4274,Lake View,11.4,90,4.7,08B
4164,Lake View,11.4,90,4.7,14
148,Lake View,11.4,90,4.7,02
98,Lincoln Park,12.3,60,5.1,24
1253,Lincoln Park,12.3,60,5.1,07
121,Lincoln Park,12.3,60,5.1,22
825,Lincoln Park,12.3,60,5.1,03
27,Lincoln Park,12.3,60,5.1,15
105,Lincoln Park,12.3,60,5.1,17
574,Lincoln Park,12.3,60,5.1,08A
1507,Lincoln Park,12.3,60,5.1,11
2350,Lincoln Park,12.3,60,5.1,05
13444,Lincoln Park,12.3,60,5.1,06
4,Lincoln Park,12.3,60,5.1,01A
12,Lincoln Park,12.3,60,5.1,09
118,Lincoln Park,12.3,60,5.1,04A
484,Lincoln Park,12.3,60,5.1,18
6,Lincoln Park,12.3,60,5.1,19
1766,Lincoln Park,12.3,60,5.1,26
18,Lincoln Park,12.3,60,5.1,13
2264,Lincoln Park,12.3,60,5.1,08B
3512,Lincoln Park,12.3,60,5.1,14
81,Lincoln Park,12.3,60,5.1,02
7,Lincoln Park,12.3,60,5.1,12
237,Lincoln Park,12.3,60,5.1,04B
27,Lincoln Park,12.3,60,5.1,16
31,Lincoln Park,12.3,60,5.1,20
153,Lincoln Park,12.3,60,5.1,10
26397,Near North Side,12.9,80,7,06
1313,Near North Side,12.9,80,7,05
5204,Near North Side,12.9,80,7,11
1683,Near North Side,12.9,80,7,08A
183,Near North Side,12.9,80,7,17
182,Near North Side,12.9,80,7,15
1585,Near North Side,12.9,80,7,03
180,Near North Side,12.9,80,7,22
1213,Near North Side,12.9,80,7,07
351,Near North Side,12.9,80,7,24
409,Near North Side,12.9,80,7,10
46,Near North Side,12.9,80,7,20
900,Near North Side,12.9,80,7,16
850,Near North Side,12.9,80,7,04B
23,Near North Side,12.9,80,7,12
162,Near North Side,12.9,80,7,02
3907,Near North Side,12.9,80,7,14
6716,Near North Side,12.9,80,7,08B
38,Near North Side,12.9,80,7,13
5699,Near North Side,12.9,80,7,26
42,Near North Side,12.9,80,7,19
2496,Near North Side,12.9,80,7,18
283,Near North Side,12.9,80,7,04A
11,Near North Side,12.9,80,7,09
16,Near North Side,12.9,80,7,01A
5,Edison Park,3.3,10,6.5,24
47,Edison Park,3.3,10,6.5,07
4,Edison Park,3.3,10,6.5,22
13,Edison Park,3.3,10,6.5,03
1,Edison Park,3.3,10,6.5,15
66,Edison Park,3.3,10,6.5,08A
13,Edison Park,3.3,10,6.5,17
115,Edison Park,3.3,10,6.5,11
121,Edison Park,3.3,10,6.5,05
421,Edison Park,3.3,10,6.5,06
3,Edison Park,3.3,10,6.5,09
18,Edison Park,3.3,10,6.5,04A
22,Edison Park,3.3,10,6.5,18
306,Edison Park,3.3,10,6.5,08B
270,Edison Park,3.3,10,6.5,26
386,Edison Park,3.3,10,6.5,14
4,Edison Park,3.3,10,6.5,02
3,Edison Park,3.3,10,6.5,12
3,Edison Park,3.3,10,6.5,16
12,Edison Park,3.3,10,6.5,20
13,Edison Park,3.3,10,6.5,04B
11,Edison Park,3.3,10,6.5,10
7,Norwood Park,5.4,30,9,12
34,Norwood Park,5.4,30,9,20
7,Norwood Park,5.4,30,9,16
52,Norwood Park,5.4,30,9,04B
50,Norwood Park,5.4,30,9,10
49,Norwood Park,5.4,30,9,04A
9,Norwood Park,5.4,30,9,09
2,Norwood Park,5.4,30,9,01A
225,Norwood Park,5.4,30,9,18
1063,Norwood Park,5.4,30,9,08B
5,Norwood Park,5.4,30,9,13
1068,Norwood Park,5.4,30,9,26
2,Norwood Park,5.4,30,9,19
23,Norwood Park,5.4,30,9,02
1490,Norwood Park,5.4,30,9,14
367,Norwood Park,5.4,30,9,08A
55,Norwood Park,5.4,30,9,17
451,Norwood Park,5.4,30,9,11
575,Norwood Park,5.4,30,9,05
2201,Norwood Park,5.4,30,9,06
19,Norwood Park,5.4,30,9,24
208,Norwood Park,5.4,30,9,07
80,Norwood Park,5.4,30,9,03
11,Norwood Park,5.4,30,9,22
18,Norwood Park,5.4,30,9,15
3,Jefferson Park,8.6,20,12.4,12
67,Jefferson Park,8.6,20,12.4,10
37,Jefferson Park,8.6,20,12.4,20
1,Jefferson Park,8.6,20,12.4,16
56,Jefferson Park,8.6,20,12.4,04B
292,Jefferson Park,8.6,20,12.4,18
13,Jefferson Park,8.6,20,12.4,09
69,Jefferson Park,8.6,20,12.4,04A
3,Jefferson Park,8.6,20,12.4,01A
16,Jefferson Park,8.6,20,12.4,02
1283,Jefferson Park,8.6,20,12.4,14
1086,Jefferson Park,8.6,20,12.4,08B
1,Jefferson Park,8.6,20,12.4,13
986,Jefferson Park,8.6,20,12.4,26
1,Jefferson Park,8.6,20,12.4,19
353,Jefferson Park,8.6,20,12.4,11
321,Jefferson Park,8.6,20,12.4,08A
35,Jefferson Park,8.6,20,12.4,17
1688,Jefferson Park,8.6,20,12.4,06
564,Jefferson Park,8.6,20,12.4,05
335,Jefferson Park,8.6,20,12.4,07
26,Jefferson Park,8.6,20,12.4,24
16,Jefferson Park,8.6,20,12.4,15
27,Jefferson Park,8.6,20,12.4,22
113,Jefferson Park,8.6,20,12.4,03
2,Forest Glen,7.5,10,6.8,12
22,Forest Glen,7.5,10,6.8,20
3,Forest Glen,7.5,10,6.8,16
20,Forest Glen,7.5,10,6.8,04B
20,Forest Glen,7.5,10,6.8,10
24,Forest Glen,7.5,10,6.8,04A
4,Forest Glen,7.5,10,6.8,09
2,Forest Glen,7.5,10,6.8,01A
111,Forest Glen,7.5,10,6.8,18
331,Forest Glen,7.5,10,6.8,08B
384,Forest Glen,7.5,10,6.8,26
1,Forest Glen,7.5,10,6.8,19
11,Forest Glen,7.5,10,6.8,02
628,Forest Glen,7.5,10,6.8,14
110,Forest Glen,7.5,10,6.8,08A
15,Forest Glen,7.5,10,6.8,17
175,Forest Glen,7.5,10,6.8,11
455,Forest Glen,7.5,10,6.8,05
974,Forest Glen,7.5,10,6.8,06
5,Forest Glen,7.5,10,6.8,24
112,Forest Glen,7.5,10,6.8,07
28,Forest Glen,7.5,10,6.8,03
7,Forest Glen,7.5,10,6.8,22
3,Forest Glen,7.5,10,6.8,15
6,North Park,13.2,10,9.9,13
695,North Park,13.2,10,9.9,08B
7,North Park,13.2,10,9.9,19
582,North Park,13.2,10,9.9,26
955,North Park,13.2,10,9.9,14
26,North Park,13.2,10,9.9,02
4,North Park,13.2,10,9.9,01A
7,North Park,13.2,10,9.9,09
55,North Park,13.2,10,9.9,04A
294,North Park,13.2,10,9.9,18
11,North Park,13.2,10,9.9,16
15,North Park,13.2,10,9.9,20
61,North Park,13.2,10,9.9,04B
41,North Park,13.2,10,9.9,10
1,North Park,13.2,10,9.9,12
20,North Park,13.2,10,9.9,22
141,North Park,13.2,10,9.9,03
35,North Park,13.2,10,9.9,15
33,North Park,13.2,10,9.9,24
325,North Park,13.2,10,9.9,07
716,North Park,13.2,10,9.9,05
1746,North Park,13.2,10,9.9,06
198,North Park,13.2,10,9.9,08A
35,North Park,13.2,10,9.9,17
230,North Park,13.2,10,9.9,11
1046,Albany Park,19.2,50,10,07
185,Albany Park,19.2,50,10,24
125,Albany Park,19.2,50,10,15
587,Albany Park,19.2,50,10,03
90,Albany Park,19.2,50,10,22
490,Albany Park,19.2,50,10,11
103,Albany Park,19.2,50,10,17
664,Albany Park,19.2,50,10,08A
3364,Albany Park,19.2,50,10,06
1277,Albany Park,19.2,50,10,05
1163,Albany Park,19.2,50,10,18
220,Albany Park,19.2,50,10,04A
43,Albany Park,19.2,50,10,09
19,Albany Park,19.2,50,10,01A
76,Albany Park,19.2,50,10,02
2554,Albany Park,19.2,50,10,14
1745,Albany Park,19.2,50,10,26
4,Albany Park,19.2,50,10,19
2669,Albany Park,19.2,50,10,08B
16,Albany Park,19.2,50,10,13
4,Albany Park,19.2,50,10,12
52,Albany Park,19.2,50,10,10
345,Albany Park,19.2,50,10,04B
68,Albany Park,19.2,50,10,20
77,Albany Park,19.2,50,10,16
87,Portage Park,11.6,60,12.6,02
3731,Portage Park,11.6,60,12.6,14
2631,Portage Park,11.6,60,12.6,26
5,Portage Park,11.6,60,12.6,19
3535,Portage Park,11.6,60,12.6,08B
16,Portage Park,11.6,60,12.6,13
1612,Portage Park,11.6,60,12.6,18
267,Portage Park,11.6,60,12.6,04A
33,Portage Park,11.6,60,12.6,09
9,Portage Park,11.6,60,12.6,01A
146,Portage Park,11.6,60,12.6,10
276,Portage Park,11.6,60,12.6,04B
75,Portage Park,11.6,60,12.6,20
32,Portage Park,11.6,60,12.6,16
6,Portage Park,11.6,60,12.6,12
138,Portage Park,11.6,60,12.6,15
593,Portage Park,11.6,60,12.6,03
86,Portage Park,11.6,60,12.6,22
1479,Portage Park,11.6,60,12.6,07
135,Portage Park,11.6,60,12.6,24
5643,Portage Park,11.6,60,12.6,06
1808,Portage Park,11.6,60,12.6,05
835,Portage Park,11.6,60,12.6,11
119,Portage Park,11.6,60,12.6,17
913,Portage Park,11.6,60,12.6,08A
112,Irving Park,13.1,50,10,15
72,Irving Park,13.1,50,10,22
638,Irving Park,13.1,50,10,03
1909,Irving Park,13.1,50,10,07
192,Irving Park,13.1,50,10,24
4895,Irving Park,13.1,50,10,06
2034,Irving Park,13.1,50,10,05
587,Irving Park,13.1,50,10,11
832,Irving Park,13.1,50,10,08A
114,Irving Park,13.1,50,10,17
107,Irving Park,13.1,50,10,02
3416,Irving Park,13.1,50,10,14
3360,Irving Park,13.1,50,10,08B
10,Irving Park,13.1,50,10,13
1957,Irving Park,13.1,50,10,26
5,Irving Park,13.1,50,10,19
1214,Irving Park,13.1,50,10,18
48,Irving Park,13.1,50,10,09
257,Irving Park,13.1,50,10,04A
11,Irving Park,13.1,50,10,01A
92,Irving Park,13.1,50,10,10
80,Irving Park,13.1,50,10,20
26,Irving Park,13.1,50,10,16
366,Irving Park,13.1,50,10,04B
5,Irving Park,13.1,50,10,12
1,Dunning,10.6,40,10,12
64,Dunning,10.6,40,10,10
83,Dunning,10.6,40,10,04B
45,Dunning,10.6,40,10,20
459,Dunning,10.6,40,10,18
138,Dunning,10.6,40,10,04A
17,Dunning,10.6,40,10,09
5,Dunning,10.6,40,10,01A
31,Dunning,10.6,40,10,02
2273,Dunning,10.6,40,10,14
1382,Dunning,10.6,40,10,26
3,Dunning,10.6,40,10,19
1572,Dunning,10.6,40,10,08B
4,Dunning,10.6,40,10,13
495,Dunning,10.6,40,10,11
63,Dunning,10.6,40,10,17
488,Dunning,10.6,40,10,08A
2837,Dunning,10.6,40,10,06
1152,Dunning,10.6,40,10,05
638,Dunning,10.6,40,10,07
45,Dunning,10.6,40,10,24
40,Dunning,10.6,40,10,15
215,Dunning,10.6,40,10,03
26,Dunning,10.6,40,10,22
1,Montclaire,15.3,10,13.8,12
13,Montclaire,15.3,10,13.8,20
2,Montclaire,15.3,10,13.8,16
54,Montclaire,15.3,10,13.8,04B
25,Montclaire,15.3,10,13.8,10
15,Montclaire,15.3,10,13.8,09
68,Montclaire,15.3,10,13.8,04A
4,Montclaire,15.3,10,13.8,01A
179,Montclaire,15.3,10,13.8,18
680,Montclaire,15.3,10,13.8,08B
514,Montclaire,15.3,10,13.8,26
2,Montclaire,15.3,10,13.8,19
11,Montclaire,15.3,10,13.8,02
715,Montclaire,15.3,10,13.8,14
194,Montclaire,15.3,10,13.8,08A
17,Montclaire,15.3,10,13.8,17
132,Montclaire,15.3,10,13.8,11
463,Montclaire,15.3,10,13.8,05
1045,Montclaire,15.3,10,13.8,06
19,Montclaire,15.3,10,13.8,24
390,Montclaire,15.3,10,13.8,07
6,Montclaire,15.3,10,13.8,22
85,Montclaire,15.3,10,13.8,03
13,Montclaire,15.3,10,13.8,15
2744,Belmont Cragin,18.7,70,14.6,18
22,Belmont Cragin,18.7,70,14.6,01A
583,Belmont Cragin,18.7,70,14.6,04A
112,Belmont Cragin,18.7,70,14.6,09
4966,Belmont Cragin,18.7,70,14.6,14
181,Belmont Cragin,18.7,70,14.6,02
8,Belmont Cragin,18.7,70,14.6,19
3709,Belmont Cragin,18.7,70,14.6,26
10,Belmont Cragin,18.7,70,14.6,13
5422,Belmont Cragin,18.7,70,14.6,08B
8,Belmont Cragin,18.7,70,14.6,12
258,Belmont Cragin,18.7,70,14.6,10
785,Belmont Cragin,18.7,70,14.6,04B
376,Belmont Cragin,18.7,70,14.6,16
199,Belmont Cragin,18.7,70,14.6,20
1,Belmont Cragin,18.7,70,14.6,01B
2846,Belmont Cragin,18.7,70,14.6,07
376,Belmont Cragin,18.7,70,14.6,24
355,Belmont Cragin,18.7,70,14.6,15
1391,Belmont Cragin,18.7,70,14.6,03
118,Belmont Cragin,18.7,70,14.6,22
847,Belmont Cragin,18.7,70,14.6,11
166,Belmont Cragin,18.7,70,14.6,17
1557,Belmont Cragin,18.7,70,14.6,08A
7078,Belmont Cragin,18.7,70,14.6,06
3064,Belmont Cragin,18.7,70,14.6,05
78,Hermosa,20.5,20,13.1,10
310,Hermosa,20.5,20,13.1,04B
81,Hermosa,20.5,20,13.1,16
78,Hermosa,20.5,20,13.1,20
4,Hermosa,20.5,20,13.1,12
1441,Hermosa,20.5,20,13.1,14
62,Hermosa,20.5,20,13.1,02
4,Hermosa,20.5,20,13.1,19
1197,Hermosa,20.5,20,13.1,26
7,Hermosa,20.5,20,13.1,13
2037,Hermosa,20.5,20,13.1,08B
1003,Hermosa,20.5,20,13.1,18
13,Hermosa,20.5,20,13.1,01A
41,Hermosa,20.5,20,13.1,09
207,Hermosa,20.5,20,13.1,04A
1519,Hermosa,20.5,20,13.1,06
959,Hermosa,20.5,20,13.1,05
222,Hermosa,20.5,20,13.1,11
41,Hermosa,20.5,20,13.1,17
513,Hermosa,20.5,20,13.1,08A
151,Hermosa,20.5,20,13.1,15
31,Hermosa,20.5,20,13.1,22
409,Hermosa,20.5,20,13.1,03
920,Hermosa,20.5,20,13.1,07
151,Hermosa,20.5,20,13.1,24
6,Avondale,15.3,30,9.2,19
1631,Avondale,15.3,30,9.2,26
2,Avondale,15.3,30,9.2,13
2511,Avondale,15.3,30,9.2,08B
2381,Avondale,15.3,30,9.2,14
92,Avondale,15.3,30,9.2,02
11,Avondale,15.3,30,9.2,01A
279,Avondale,15.3,30,9.2,04A
43,Avondale,15.3,30,9.2,09
1029,Avondale,15.3,30,9.2,18
347,Avondale,15.3,30,9.2,04B
98,Avondale,15.3,30,9.2,16
79,Avondale,15.3,30,9.2,20
109,Avondale,15.3,30,9.2,10
4,Avondale,15.3,30,9.2,12
671,Avondale,15.3,30,9.2,03
54,Avondale,15.3,30,9.2,22
108,Avondale,15.3,30,9.2,15
117,Avondale,15.3,30,9.2,24
1667,Avondale,15.3,30,9.2,07
1635,Avondale,15.3,30,9.2,05
3949,Avondale,15.3,30,9.2,06
92,Avondale,15.3,30,9.2,17
735,Avondale,15.3,30,9.2,08A
561,Avondale,15.3,30,9.2,11
138,Logan Square,16.8,70,8.2,22
1449,Logan Square,16.8,70,8.2,03
227,Logan Square,16.8,70,8.2,15
227,Logan Square,16.8,70,8.2,24
2921,Logan Square,16.8,70,8.2,07
3688,Logan Square,16.8,70,8.2,05
11209,Logan Square,16.8,70,8.2,06
1455,Logan Square,16.8,70,8.2,08A
161,Logan Square,16.8,70,8.2,17
1025,Logan Square,16.8,70,8.2,11
11,Logan Square,16.8,70,8.2,13
5148,Logan Square,16.8,70,8.2,08B
6,Logan Square,16.8,70,8.2,19
3153,Logan Square,16.8,70,8.2,26
5062,Logan Square,16.8,70,8.2,14
187,Logan Square,16.8,70,8.2,02
19,Logan Square,16.8,70,8.2,01A
83,Logan Square,16.8,70,8.2,09
454,Logan Square,16.8,70,8.2,04A
2102,Logan Square,16.8,70,8.2,18
133,Logan Square,16.8,70,8.2,16
157,Logan Square,16.8,70,8.2,20
692,Logan Square,16.8,70,8.2,04B
193,Logan Square,16.8,70,8.2,10
4,Logan Square,16.8,70,8.2,12
765,Humboldt park,33.9,50,17.3,15
98,Humboldt park,33.9,50,17.3,22
2336,Humboldt park,33.9,50,17.3,03
3058,Humboldt park,33.9,50,17.3,07
468,Humboldt park,33.9,50,17.3,24
7893,Humboldt park,33.9,50,17.3,06
2980,Humboldt park,33.9,50,17.3,05
801,Humboldt park,33.9,50,17.3,11
179,Humboldt park,33.9,50,17.3,17
2612,Humboldt park,33.9,50,17.3,08A
5574,Humboldt park,33.9,50,17.3,14
252,Humboldt park,33.9,50,17.3,02
346,Humboldt park,33.9,50,17.3,19
5315,Humboldt park,33.9,50,17.3,26
13,Humboldt park,33.9,50,17.3,13
9881,Humboldt park,33.9,50,17.3,08B
12634,Humboldt park,33.9,50,17.3,18
117,Humboldt park,33.9,50,17.3,01A
135,Humboldt park,33.9,50,17.3,09
1064,Humboldt park,33.9,50,17.3,04A
216,Humboldt park,33.9,50,17.3,10
1906,Humboldt park,33.9,50,17.3,04B
1322,Humboldt park,33.9,50,17.3,16
246,Humboldt park,33.9,50,17.3,20
7,Humboldt park,33.9,50,17.3,12
33,West Town,14.7,80,6.6,01A
72,West Town,14.7,80,6.6,09
543,West Town,14.7,80,6.6,04A
2904,West Town,14.7,80,6.6,18
22,West Town,14.7,80,6.6,13
6295,West Town,14.7,80,6.6,08B
15,West Town,14.7,80,6.6,19
3700,West Town,14.7,80,6.6,26
7531,West Town,14.7,80,6.6,14
149,West Town,14.7,80,6.6,02
20,West Town,14.7,80,6.6,12
429,West Town,14.7,80,6.6,16
113,West Town,14.7,80,6.6,20
827,West Town,14.7,80,6.6,04B
253,West Town,14.7,80,6.6,10
273,West Town,14.7,80,6.6,24
3065,West Town,14.7,80,6.6,07
211,West Town,14.7,80,6.6,22
2018,West Town,14.7,80,6.6,03
307,West Town,14.7,80,6.6,15
2024,West Town,14.7,80,6.6,08A
225,West Town,14.7,80,6.6,17
1585,West Town,14.7,80,6.6,11
4702,West Town,14.7,80,6.6,05
18386,West Town,14.7,80,6.6,06
430,Austin,28.6,90,22.6,20
1862,Austin,28.6,90,22.6,16
3277,Austin,28.6,90,22.6,04B
512,Austin,28.6,90,22.6,10
16,Austin,28.6,90,22.6,12
19521,Austin,28.6,90,22.6,08B
23,Austin,28.6,90,22.6,13
12347,Austin,28.6,90,22.6,26
1088,Austin,28.6,90,22.6,19
564,Austin,28.6,90,22.6,02
10352,Austin,28.6,90,22.6,14
1791,Austin,28.6,90,22.6,04A
167,Austin,28.6,90,22.6,09
170,Austin,28.6,90,22.6,01A
26332,Austin,28.6,90,22.6,18
6534,Austin,28.6,90,22.6,05
16602,Austin,28.6,90,22.6,06
5044,Austin,28.6,90,22.6,08A
333,Austin,28.6,90,22.6,17
2181,Austin,28.6,90,22.6,11
5686,Austin,28.6,90,22.6,03
165,Austin,28.6,90,22.6,22
1354,Austin,28.6,90,22.6,15
1089,Austin,28.6,90,22.6,24
4180,Austin,28.6,90,22.6,07
89,West Garfield Park,41.7,10,25.8,20
1051,West Garfield Park,41.7,10,25.8,16
1236,West Garfield Park,41.7,10,25.8,04B
84,West Garfield Park,41.7,10,25.8,10
1,West Garfield Park,41.7,10,25.8,12
5398,West Garfield Park,41.7,10,25.8,08B
5,West Garfield Park,41.7,10,25.8,13
2534,West Garfield Park,41.7,10,25.8,26
132,West Garfield Park,41.7,10,25.8,19
132,West Garfield Park,41.7,10,25.8,02
2724,West Garfield Park,41.7,10,25.8,14
50,West Garfield Park,41.7,10,25.8,09
525,West Garfield Park,41.7,10,25.8,04A
71,West Garfield Park,41.7,10,25.8,01A
7437,West Garfield Park,41.7,10,25.8,18
1196,West Garfield Park,41.7,10,25.8,05
4061,West Garfield Park,41.7,10,25.8,06
1306,West Garfield Park,41.7,10,25.8,08A
78,West Garfield Park,41.7,10,25.8,17
1483,West Garfield Park,41.7,10,25.8,11
42,West Garfield Park,41.7,10,25.8,22
1615,West Garfield Park,41.7,10,25.8,03
406,West Garfield Park,41.7,10,25.8,15
182,West Garfield Park,41.7,10,25.8,24
1312,West Garfield Park,41.7,10,25.8,07
1198,East Garfield Park,42.4,20,19.6,04B
81,East Garfield Park,42.4,20,19.6,20
873,East Garfield Park,42.4,20,19.6,16
91,East Garfield Park,42.4,20,19.6,10
1,East Garfield Park,42.4,20,19.6,12
3241,East Garfield Park,42.4,20,19.6,26
205,East Garfield Park,42.4,20,19.6,19
5997,East Garfield Park,42.4,20,19.6,08B
11,East Garfield Park,42.4,20,19.6,13
122,East Garfield Park,42.4,20,19.6,02
2914,East Garfield Park,42.4,20,19.6,14
557,East Garfield Park,42.4,20,19.6,04A
49,East Garfield Park,42.4,20,19.6,09
55,East Garfield Park,42.4,20,19.6,01A
6600,East Garfield Park,42.4,20,19.6,18
1351,East Garfield Park,42.4,20,19.6,05
4668,East Garfield Park,42.4,20,19.6,06
76,East Garfield Park,42.4,20,19.6,17
1720,East Garfield Park,42.4,20,19.6,08A
1045,East Garfield Park,42.4,20,19.6,11
1617,East Garfield Park,42.4,20,19.6,03
40,East Garfield Park,42.4,20,19.6,22
413,East Garfield Park,42.4,20,19.6,15
216,East Garfield Park,42.4,20,19.6,24
1504,East Garfield Park,42.4,20,19.6,07
17893,Near West Side,20.6,50,10.7,06
1902,Near West Side,20.6,50,10.7,05
1877,Near West Side,20.6,50,10.7,11
186,Near West Side,20.6,50,10.7,17
2263,Near West Side,20.6,50,10.7,08A
209,Near West Side,20.6,50,10.7,15
1823,Near West Side,20.6,50,10.7,03
64,Near West Side,20.6,50,10.7,22
2518,Near West Side,20.6,50,10.7,07
428,Near West Side,20.6,50,10.7,24
397,Near West Side,20.6,50,10.7,10
854,Near West Side,20.6,50,10.7,04B
98,Near West Side,20.6,50,10.7,20
316,Near West Side,20.6,50,10.7,16
21,Near West Side,20.6,50,10.7,12
173,Near West Side,20.6,50,10.7,02
4961,Near West Side,20.6,50,10.7,14
5325,Near West Side,20.6,50,10.7,26
83,Near West Side,20.6,50,10.7,19
6290,Near West Side,20.6,50,10.7,08B
26,Near West Side,20.6,50,10.7,13
2568,Near West Side,20.6,50,10.7,18
489,Near West Side,20.6,50,10.7,04A
23,Near West Side,20.6,50,10.7,09
51,Near West Side,20.6,50,10.7,01A
136,North Lawndale,43.1,30,21.2,17
2428,North Lawndale,43.1,30,21.2,08A
691,North Lawndale,43.1,30,21.2,11
2703,North Lawndale,43.1,30,21.2,05
6897,North Lawndale,43.1,30,21.2,06
411,North Lawndale,43.1,30,21.2,24
2087,North Lawndale,43.1,30,21.2,07
2239,North Lawndale,43.1,30,21.2,03
57,North Lawndale,43.1,30,21.2,22
621,North Lawndale,43.1,30,21.2,15
2,North Lawndale,43.1,30,21.2,12
1843,North Lawndale,43.1,30,21.2,04B
229,North Lawndale,43.1,30,21.2,16
174,North Lawndale,43.1,30,21.2,20
144,North Lawndale,43.1,30,21.2,10
92,North Lawndale,43.1,30,21.2,01A
1029,North Lawndale,43.1,30,21.2,04A
106,North Lawndale,43.1,30,21.2,09
10508,North Lawndale,43.1,30,21.2,18
376,North Lawndale,43.1,30,21.2,19
5221,North Lawndale,43.1,30,21.2,26
7,North Lawndale,43.1,30,21.2,13
9757,North Lawndale,43.1,30,21.2,08B
5080,North Lawndale,43.1,30,21.2,14
238,North Lawndale,43.1,30,21.2,02
4775,South Lawndale,30.7,70,15.8,06
1639,South Lawndale,30.7,70,15.8,05
437,South Lawndale,30.7,70,15.8,11
178,South Lawndale,30.7,70,15.8,17
1611,South Lawndale,30.7,70,15.8,08A
389,South Lawndale,30.7,70,15.8,15
204,South Lawndale,30.7,70,15.8,22
1281,South Lawndale,30.7,70,15.8,03
2270,South Lawndale,30.7,70,15.8,07
1012,South Lawndale,30.7,70,15.8,24
150,South Lawndale,30.7,70,15.8,10
980,South Lawndale,30.7,70,15.8,04B
183,South Lawndale,30.7,70,15.8,20
345,South Lawndale,30.7,70,15.8,16
2,South Lawndale,30.7,70,15.8,12
172,South Lawndale,30.7,70,15.8,02
3874,South Lawndale,30.7,70,15.8,14
3394,South Lawndale,30.7,70,15.8,26
16,South Lawndale,30.7,70,15.8,19
5272,South Lawndale,30.7,70,15.8,08B
9,South Lawndale,30.7,70,15.8,13
2867,South Lawndale,30.7,70,15.8,18
75,South Lawndale,30.7,70,15.8,09
534,South Lawndale,30.7,70,15.8,04A
72,South Lawndale,30.7,70,15.8,01A
3,Lower West Side,25.8,30,15.8,12
98,Lower West Side,25.8,30,15.8,10
450,Lower West Side,25.8,30,15.8,04B
65,Lower West Side,25.8,30,15.8,16
75,Lower West Side,25.8,30,15.8,20
1437,Lower West Side,25.8,30,15.8,18
27,Lower West Side,25.8,30,15.8,01A
33,Lower West Side,25.8,30,15.8,09
376,Lower West Side,25.8,30,15.8,04A
2578,Lower West Side,25.8,30,15.8,14
69,Lower West Side,25.8,30,15.8,02
4,Lower West Side,25.8,30,15.8,19
1658,Lower West Side,25.8,30,15.8,26
12,Lower West Side,25.8,30,15.8,13
2663,Lower West Side,25.8,30,15.8,08B
365,Lower West Side,25.8,30,15.8,11
94,Lower West Side,25.8,30,15.8,17
884,Lower West Side,25.8,30,15.8,08A
3605,Lower West Side,25.8,30,15.8,06
921,Lower West Side,25.8,30,15.8,05
1252,Lower West Side,25.8,30,15.8,07
525,Lower West Side,25.8,30,15.8,24
215,Lower West Side,25.8,30,15.8,15
106,Lower West Side,25.8,30,15.8,22
437,Lower West Side,25.8,30,15.8,03
182,Loop,14.7,20,5.7,04A
2,Loop,14.7,20,5.7,09
4,Loop,14.7,20,5.7,01A
1315,Loop,14.7,20,5.7,18
2792,Loop,14.7,20,5.7,08B
15,Loop,14.7,20,5.7,13
3970,Loop,14.7,20,5.7,26
7,Loop,14.7,20,5.7,19
85,Loop,14.7,20,5.7,02
1693,Loop,14.7,20,5.7,14
39,Loop,14.7,20,5.7,12
12,Loop,14.7,20,5.7,20
270,Loop,14.7,20,5.7,16
223,Loop,14.7,20,5.7,04B
480,Loop,14.7,20,5.7,10
230,Loop,14.7,20,5.7,24
570,Loop,14.7,20,5.7,07
1194,Loop,14.7,20,5.7,03
72,Loop,14.7,20,5.7,22
70,Loop,14.7,20,5.7,15
1336,Loop,14.7,20,5.7,08A
171,Loop,14.7,20,5.7,17
3850,Loop,14.7,20,5.7,11
531,Loop,14.7,20,5.7,05
20899,Loop,14.7,20,5.7,06
1,Near South Side,13.8,20,4.9,12
115,Near South Side,13.8,20,4.9,10
149,Near South Side,13.8,20,4.9,04B
25,Near South Side,13.8,20,4.9,20
10,Near South Side,13.8,20,4.9,16
886,Near South Side,13.8,20,4.9,18
6,Near South Side,13.8,20,4.9,09
83,Near South Side,13.8,20,4.9,04A
5,Near South Side,13.8,20,4.9,01A
33,Near South Side,13.8,20,4.9,02
851,Near South Side,13.8,20,4.9,14
2352,Near South Side,13.8,20,4.9,26
10,Near South Side,13.8,20,4.9,19
1323,Near South Side,13.8,20,4.9,08B
4,Near South Side,13.8,20,4.9,13
516,Near South Side,13.8,20,4.9,11
31,Near South Side,13.8,20,4.9,17
493,Near South Side,13.8,20,4.9,08A
3766,Near South Side,13.8,20,4.9,06
337,Near South Side,13.8,20,4.9,05
387,Near South Side,13.8,20,4.9,07
60,Near South Side,13.8,20,4.9,24
31,Near South Side,13.8,20,4.9,15
12,Near South Side,13.8,20,4.9,22
277,Near South Side,13.8,20,4.9,03
3,Armour Square,40.1,10,16.7,12
13,Armour Square,40.1,10,16.7,20
13,Armour Square,40.1,10,16.7,16
132,Armour Square,40.1,10,16.7,04B
39,Armour Square,40.1,10,16.7,10
86,Armour Square,40.1,10,16.7,04A
6,Armour Square,40.1,10,16.7,09
4,Armour Square,40.1,10,16.7,01A
422,Armour Square,40.1,10,16.7,18
922,Armour Square,40.1,10,16.7,08B
3,Armour Square,40.1,10,16.7,13
610,Armour Square,40.1,10,16.7,26
12,Armour Square,40.1,10,16.7,19
11,Armour Square,40.1,10,16.7,02
836,Armour Square,40.1,10,16.7,14
239,Armour Square,40.1,10,16.7,08A
27,Armour Square,40.1,10,16.7,17
520,Armour Square,40.1,10,16.7,11
300,Armour Square,40.1,10,16.7,05
1821,Armour Square,40.1,10,16.7,06
39,Armour Square,40.1,10,16.7,24
443,Armour Square,40.1,10,16.7,07
391,Armour Square,40.1,10,16.7,03
11,Armour Square,40.1,10,16.7,22
40,Armour Square,40.1,10,16.7,15
645,Douglas,29.6,10,18.2,07
86,Douglas,29.6,10,18.2,24
93,Douglas,29.6,10,18.2,15
6,Douglas,29.6,10,18.2,22
611,Douglas,29.6,10,18.2,03
383,Douglas,29.6,10,18.2,11
48,Douglas,29.6,10,18.2,17
887,Douglas,29.6,10,18.2,08A
3527,Douglas,29.6,10,18.2,06
458,Douglas,29.6,10,18.2,05
2100,Douglas,29.6,10,18.2,18
7,Douglas,29.6,10,18.2,01A
4,Douglas,29.6,10,18.2,09
174,Douglas,29.6,10,18.2,04A
1305,Douglas,29.6,10,18.2,14
57,Douglas,29.6,10,18.2,02
52,Douglas,29.6,10,18.2,19
2235,Douglas,29.6,10,18.2,26
5,Douglas,29.6,10,18.2,13
2638,Douglas,29.6,10,18.2,08B
1,Douglas,29.6,10,18.2,12
93,Douglas,29.6,10,18.2,10
332,Douglas,29.6,10,18.2,04B
8,Douglas,29.6,10,18.2,16
43,Douglas,29.6,10,18.2,20
41,Oakland,39.7,5,28.7,15
133,Oakland,39.7,5,28.7,03
1,Oakland,39.7,5,28.7,22
178,Oakland,39.7,5,28.7,07
19,Oakland,39.7,5,28.7,24
764,Oakland,39.7,5,28.7,06
256,Oakland,39.7,5,28.7,05
74,Oakland,39.7,5,28.7,11
21,Oakland,39.7,5,28.7,17
243,Oakland,39.7,5,28.7,08A
19,Oakland,39.7,5,28.7,02
482,Oakland,39.7,5,28.7,14
570,Oakland,39.7,5,28.7,26
12,Oakland,39.7,5,28.7,19
803,Oakland,39.7,5,28.7,08B
385,Oakland,39.7,5,28.7,18
69,Oakland,39.7,5,28.7,04A
3,Oakland,39.7,5,28.7,09
6,Oakland,39.7,5,28.7,01A
17,Oakland,39.7,5,28.7,10
127,Oakland,39.7,5,28.7,04B
19,Oakland,39.7,5,28.7,20
881,Fuller Park,51.2,2,33.9,18
6,Fuller Park,51.2,2,33.9,01A
5,Fuller Park,51.2,2,33.9,09
88,Fuller Park,51.2,2,33.9,04A
502,Fuller Park,51.2,2,33.9,14
20,Fuller Park,51.2,2,33.9,02
8,Fuller Park,51.2,2,33.9,19
660,Fuller Park,51.2,2,33.9,26
7,Fuller Park,51.2,2,33.9,13
855,Fuller Park,51.2,2,33.9,08B
34,Fuller Park,51.2,2,33.9,10
199,Fuller Park,51.2,2,33.9,04B
3,Fuller Park,51.2,2,33.9,16
15,Fuller Park,51.2,2,33.9,20
301,Fuller Park,51.2,2,33.9,07
53,Fuller Park,51.2,2,33.9,24
112,Fuller Park,51.2,2,33.9,15
2,Fuller Park,51.2,2,33.9,22
389,Fuller Park,51.2,2,33.9,03
302,Fuller Park,51.2,2,33.9,11
17,Fuller Park,51.2,2,33.9,17
300,Fuller Park,51.2,2,33.9,08A
1210,Fuller Park,51.2,2,33.9,06
223,Fuller Park,51.2,2,33.9,05
16,Grand Boulevard,29.3,20,24.3,09
346,Grand Boulevard,29.3,20,24.3,04A
48,Grand Boulevard,29.3,20,24.3,01A
2711,Grand Boulevard,29.3,20,24.3,18
2667,Grand Boulevard,29.3,20,24.3,26
87,Grand Boulevard,29.3,20,24.3,19
4171,Grand Boulevard,29.3,20,24.3,08B
5,Grand Boulevard,29.3,20,24.3,13
118,Grand Boulevard,29.3,20,24.3,02
2544,Grand Boulevard,29.3,20,24.3,14
3,Grand Boulevard,29.3,20,24.3,12
764,Grand Boulevard,29.3,20,24.3,04B
81,Grand Boulevard,29.3,20,24.3,20
504,Grand Boulevard,29.3,20,24.3,16
94,Grand Boulevard,29.3,20,24.3,10
139,Grand Boulevard,29.3,20,24.3,24
1122,Grand Boulevard,29.3,20,24.3,07
23,Grand Boulevard,29.3,20,24.3,22
1068,Grand Boulevard,29.3,20,24.3,03
250,Grand Boulevard,29.3,20,24.3,15
80,Grand Boulevard,29.3,20,24.3,17
1420,Grand Boulevard,29.3,20,24.3,08A
437,Grand Boulevard,29.3,20,24.3,11
1507,Grand Boulevard,29.3,20,24.3,05
4004,Grand Boulevard,29.3,20,24.3,06
56,Kenwood,21.7,10,15.7,10
43,Kenwood,21.7,10,15.7,20
4,Kenwood,21.7,10,15.7,16
195,Kenwood,21.7,10,15.7,04B
748,Kenwood,21.7,10,15.7,18
10,Kenwood,21.7,10,15.7,09
152,Kenwood,21.7,10,15.7,04A
10,Kenwood,21.7,10,15.7,01A
35,Kenwood,21.7,10,15.7,02
1246,Kenwood,21.7,10,15.7,14
1771,Kenwood,21.7,10,15.7,08B
2,Kenwood,21.7,10,15.7,13
1178,Kenwood,21.7,10,15.7,26
40,Kenwood,21.7,10,15.7,19
267,Kenwood,21.7,10,15.7,11
618,Kenwood,21.7,10,15.7,08A
38,Kenwood,21.7,10,15.7,17
2714,Kenwood,21.7,10,15.7,06
669,Kenwood,21.7,10,15.7,05
470,Kenwood,21.7,10,15.7,07
42,Kenwood,21.7,10,15.7,24
89,Kenwood,21.7,10,15.7,15
3,Kenwood,21.7,10,15.7,22
411,Kenwood,21.7,10,15.7,03
2072,Washington Park,42.1,10,28.6,14
86,Washington Park,42.1,10,28.6,02
100,Washington Park,42.1,10,28.6,19
2083,Washington Park,42.1,10,28.6,26
4,Washington Park,42.1,10,28.6,13
3736,Washington Park,42.1,10,28.6,08B
2343,Washington Park,42.1,10,28.6,18
44,Washington Park,42.1,10,28.6,01A
373,Washington Park,42.1,10,28.6,04A
20,Washington Park,42.1,10,28.6,09
39,Washington Park,42.1,10,28.6,10
752,Washington Park,42.1,10,28.6,04B
624,Washington Park,42.1,10,28.6,16
90,Washington Park,42.1,10,28.6,20
311,Washington Park,42.1,10,28.6,15
907,Washington Park,42.1,10,28.6,03
21,Washington Park,42.1,10,28.6,22
1022,Washington Park,42.1,10,28.6,07
150,Washington Park,42.1,10,28.6,24
2661,Washington Park,42.1,10,28.6,06
1221,Washington Park,42.1,10,28.6,05
262,Washington Park,42.1,10,28.6,11
48,Washington Park,42.1,10,28.6,17
1020,Washington Park,42.1,10,28.6,08A
54,Hyde Park,18.4,20,8.4,17
478,Hyde Park,18.4,20,8.4,08A
515,Hyde Park,18.4,20,8.4,11
800,Hyde Park,18.4,20,8.4,05
3549,Hyde Park,18.4,20,8.4,06
29,Hyde Park,18.4,20,8.4,24
592,Hyde Park,18.4,20,8.4,07
9,Hyde Park,18.4,20,8.4,22
519,Hyde Park,18.4,20,8.4,03
38,Hyde Park,18.4,20,8.4,15
2,Hyde Park,18.4,20,8.4,12
125,Hyde Park,18.4,20,8.4,04B
1,Hyde Park,18.4,20,8.4,16
28,Hyde Park,18.4,20,8.4,20
98,Hyde Park,18.4,20,8.4,10
4,Hyde Park,18.4,20,8.4,01A
4,Hyde Park,18.4,20,8.4,09
87,Hyde Park,18.4,20,8.4,04A
386,Hyde Park,18.4,20,8.4,18
10,Hyde Park,18.4,20,8.4,19
1007,Hyde Park,18.4,20,8.4,26
1,Hyde Park,18.4,20,8.4,13
1168,Hyde Park,18.4,20,8.4,08B
1108,Hyde Park,18.4,20,8.4,14
45,Hyde Park,18.4,20,8.4,02
1542,Woodlawn,30.7,20,23.4,08A
114,Woodlawn,30.7,20,23.4,17
569,Woodlawn,30.7,20,23.4,11
2359,Woodlawn,30.7,20,23.4,05
4248,Woodlawn,30.7,20,23.4,06
486,Woodlawn,30.7,20,23.4,24
1056,Woodlawn,30.7,20,23.4,07
30,Woodlawn,30.7,20,23.4,22
1380,Woodlawn,30.7,20,23.4,03
537,Woodlawn,30.7,20,23.4,15
5,Woodlawn,30.7,20,23.4,12
98,Woodlawn,30.7,20,23.4,20
174,Woodlawn,30.7,20,23.4,16
1165,Woodlawn,30.7,20,23.4,04B
108,Woodlawn,30.7,20,23.4,10
32,Woodlawn,30.7,20,23.4,09
633,Woodlawn,30.7,20,23.4,04A
59,Woodlawn,30.7,20,23.4,01A
4211,Woodlawn,30.7,20,23.4,18
5347,Woodlawn,30.7,20,23.4,08B
7,Woodlawn,30.7,20,23.4,13
3876,Woodlawn,30.7,20,23.4,26
119,Woodlawn,30.7,20,23.4,19
146,Woodlawn,30.7,20,23.4,02
3314,Woodlawn,30.7,20,23.4,14
2642,South Shore,31.1,40,20,07
442,South Shore,31.1,40,20,24
726,South Shore,31.1,40,20,15
3038,South Shore,31.1,40,20,03
40,South Shore,31.1,40,20,22
1481,South Shore,31.1,40,20,11
3025,South Shore,31.1,40,20,08A
159,South Shore,31.1,40,20,17
9904,South Shore,31.1,40,20,06
6153,South Shore,31.1,40,20,05
6481,South Shore,31.1,40,20,18
1074,South Shore,31.1,40,20,04A
54,South Shore,31.1,40,20,09
91,South Shore,31.1,40,20,01A
333,South Shore,31.1,40,20,02
6948,South Shore,31.1,40,20,14
10973,South Shore,31.1,40,20,08B
9,South Shore,31.1,40,20,13
6491,South Shore,31.1,40,20,26
162,South Shore,31.1,40,20,19
6,South Shore,31.1,40,20,12
312,South Shore,31.1,40,20,10
266,South Shore,31.1,40,20,20
428,South Shore,31.1,40,20,16
2087,South Shore,31.1,40,20,04B
439,Chatham,27.8,30,24,15
27,Chatham,27.8,30,24,22
2505,Chatham,27.8,30,24,03
2270,Chatham,27.8,30,24,07
240,Chatham,27.8,30,24,24
7925,Chatham,27.8,30,24,06
2892,Chatham,27.8,30,24,05
1304,Chatham,27.8,30,24,11
103,Chatham,27.8,30,24,17
1899,Chatham,27.8,30,24,08A
3983,Chatham,27.8,30,24,14
190,Chatham,27.8,30,24,02
62,Chatham,27.8,30,24,19
3377,Chatham,27.8,30,24,26
8,Chatham,27.8,30,24,13
6073,Chatham,27.8,30,24,08B
3908,Chatham,27.8,30,24,18
68,Chatham,27.8,30,24,01A
50,Chatham,27.8,30,24,09
684,Chatham,27.8,30,24,04A
261,Chatham,27.8,30,24,10
1083,Chatham,27.8,30,24,04B
129,Chatham,27.8,30,24,16
146,Chatham,27.8,30,24,20
10,Chatham,27.8,30,24,12
658,Avalon Park,17.2,10,21.1,03
6,Avalon Park,17.2,10,21.1,22
121,Avalon Park,17.2,10,21.1,15
81,Avalon Park,17.2,10,21.1,24
541,Avalon Park,17.2,10,21.1,07
902,Avalon Park,17.2,10,21.1,05
2110,Avalon Park,17.2,10,21.1,06
36,Avalon Park,17.2,10,21.1,17
546,Avalon Park,17.2,10,21.1,08A
315,Avalon Park,17.2,10,21.1,11
816,Avalon Park,17.2,10,21.1,26
9,Avalon Park,17.2,10,21.1,19
1608,Avalon Park,17.2,10,21.1,08B
2,Avalon Park,17.2,10,21.1,13
47,Avalon Park,17.2,10,21.1,02
1078,Avalon Park,17.2,10,21.1,14
171,Avalon Park,17.2,10,21.1,04A
14,Avalon Park,17.2,10,21.1,09
14,Avalon Park,17.2,10,21.1,01A
494,Avalon Park,17.2,10,21.1,18
267,Avalon Park,17.2,10,21.1,04B
34,Avalon Park,17.2,10,21.1,20
2,Avalon Park,17.2,10,21.1,16
68,Avalon Park,17.2,10,21.1,10
2,Avalon Park,17.2,10,21.1,12
167,South Chicago,29.8,30,19.7,02
4289,South Chicago,29.8,30,19.7,14
3260,South Chicago,29.8,30,19.7,26
46,South Chicago,29.8,30,19.7,19
6288,South Chicago,29.8,30,19.7,08B
5,South Chicago,29.8,30,19.7,13
3965,South Chicago,29.8,30,19.7,18
842,South Chicago,29.8,30,19.7,04A
64,South Chicago,29.8,30,19.7,09
69,South Chicago,29.8,30,19.7,01A
172,South Chicago,29.8,30,19.7,10
1283,South Chicago,29.8,30,19.7,04B
165,South Chicago,29.8,30,19.7,20
188,South Chicago,29.8,30,19.7,16
3,South Chicago,29.8,30,19.7,12
600,South Chicago,29.8,30,19.7,15
1519,South Chicago,29.8,30,19.7,03
53,South Chicago,29.8,30,19.7,22
1301,South Chicago,29.8,30,19.7,07
348,South Chicago,29.8,30,19.7,24
4990,South Chicago,29.8,30,19.7,06
3232,South Chicago,29.8,30,19.7,05
627,South Chicago,29.8,30,19.7,11
130,South Chicago,29.8,30,19.7,17
2084,South Chicago,29.8,30,19.7,08A
371,Burnside,33,2,18.6,14
17,Burnside,33,2,18.6,02
442,Burnside,33,2,18.6,08B
12,Burnside,33,2,18.6,19
268,Burnside,33,2,18.6,26
308,Burnside,33,2,18.6,18
10,Burnside,33,2,18.6,01A
55,Burnside,33,2,18.6,04A
14,Burnside,33,2,18.6,09
8,Burnside,33,2,18.6,10
1,Burnside,33,2,18.6,16
14,Burnside,33,2,18.6,20
65,Burnside,33,2,18.6,04B
1,Burnside,33,2,18.6,12
34,Burnside,33,2,18.6,15
99,Burnside,33,2,18.6,03
4,Burnside,33,2,18.6,22
120,Burnside,33,2,18.6,07
26,Burnside,33,2,18.6,24
382,Burnside,33,2,18.6,06
348,Burnside,33,2,18.6,05
49,Burnside,33,2,18.6,11
148,Burnside,33,2,18.6,08A
8,Burnside,33,2,18.6,17
2352,Calumet Heights,11.5,10,20,06
1032,Calumet Heights,11.5,10,20,05
374,Calumet Heights,11.5,10,20,11
21,Calumet Heights,11.5,10,20,17
427,Calumet Heights,11.5,10,20,08A
138,Calumet Heights,11.5,10,20,15
589,Calumet Heights,11.5,10,20,03
10,Calumet Heights,11.5,10,20,22
678,Calumet Heights,11.5,10,20,07
51,Calumet Heights,11.5,10,20,24
61,Calumet Heights,11.5,10,20,10
254,Calumet Heights,11.5,10,20,04B
35,Calumet Heights,11.5,10,20,20
1,Calumet Heights,11.5,10,20,16
1,Calumet Heights,11.5,10,20,12
39,Calumet Heights,11.5,10,20,02
1434,Calumet Heights,11.5,10,20,14
944,Calumet Heights,11.5,10,20,26
10,Calumet Heights,11.5,10,20,19
1360,Calumet Heights,11.5,10,20,08B
646,Calumet Heights,11.5,10,20,18
162,Calumet Heights,11.5,10,20,04A
8,Calumet Heights,11.5,10,20,09
14,Calumet Heights,11.5,10,20,01A
27,Roseland,19.8,40,20.3,22
2411,Roseland,19.8,40,20.3,03
876,Roseland,19.8,40,20.3,15
477,Roseland,19.8,40,20.3,24
2565,Roseland,19.8,40,20.3,07
4167,Roseland,19.8,40,20.3,05
8030,Roseland,19.8,40,20.3,06
2726,Roseland,19.8,40,20.3,08A
161,Roseland,19.8,40,20.3,17
1184,Roseland,19.8,40,20.3,11
14,Roseland,19.8,40,20.3,13
8938,Roseland,19.8,40,20.3,08B
109,Roseland,19.8,40,20.3,19
4806,Roseland,19.8,40,20.3,26
6096,Roseland,19.8,40,20.3,14
248,Roseland,19.8,40,20.3,02
80,Roseland,19.8,40,20.3,01A
95,Roseland,19.8,40,20.3,09
1060,Roseland,19.8,40,20.3,04A
6366,Roseland,19.8,40,20.3,18
413,Roseland,19.8,40,20.3,16
172,Roseland,19.8,40,20.3,20
1704,Roseland,19.8,40,20.3,04B
187,Roseland,19.8,40,20.3,10
1,Roseland,19.8,40,20.3,12
221,Pullman,21.6,7,22.8,11
22,Pullman,21.6,7,22.8,17
616,Pullman,21.6,7,22.8,08A
1147,Pullman,21.6,7,22.8,06
409,Pullman,21.6,7,22.8,05
356,Pullman,21.6,7,22.8,07
62,Pullman,21.6,7,22.8,24
87,Pullman,21.6,7,22.8,15
3,Pullman,21.6,7,22.8,22
189,Pullman,21.6,7,22.8,03
54,Pullman,21.6,7,22.8,10
184,Pullman,21.6,7,22.8,04B
34,Pullman,21.6,7,22.8,20
1,Pullman,21.6,7,22.8,16
351,Pullman,21.6,7,22.8,18
10,Pullman,21.6,7,22.8,09
132,Pullman,21.6,7,22.8,04A
9,Pullman,21.6,7,22.8,01A
29,Pullman,21.6,7,22.8,02
842,Pullman,21.6,7,22.8,14
862,Pullman,21.6,7,22.8,26
9,Pullman,21.6,7,22.8,19
1385,Pullman,21.6,7,22.8,08B
331,South Deering,29.2,10,16.3,11
24,South Deering,29.2,10,16.3,17
731,South Deering,29.2,10,16.3,08A
2266,South Deering,29.2,10,16.3,06
1072,South Deering,29.2,10,16.3,05
579,South Deering,29.2,10,16.3,07
91,South Deering,29.2,10,16.3,24
183,South Deering,29.2,10,16.3,15
469,South Deering,29.2,10,16.3,03
18,South Deering,29.2,10,16.3,22
2,South Deering,29.2,10,16.3,12
98,South Deering,29.2,10,16.3,10
307,South Deering,29.2,10,16.3,04B
2,South Deering,29.2,10,16.3,16
65,South Deering,29.2,10,16.3,20
822,South Deering,29.2,10,16.3,18
25,South Deering,29.2,10,16.3,01A
314,South Deering,29.2,10,16.3,04A
13,South Deering,29.2,10,16.3,09
1876,South Deering,29.2,10,16.3,14
52,South Deering,29.2,10,16.3,02
18,South Deering,29.2,10,16.3,19
1337,South Deering,29.2,10,16.3,26
2,South Deering,29.2,10,16.3,13
1998,South Deering,29.2,10,16.3,08B
715,East Side,19.2,20,12.1,18
6,East Side,19.2,20,12.1,01A
17,East Side,19.2,20,12.1,09
213,East Side,19.2,20,12.1,04A
1957,East Side,19.2,20,12.1,14
48,East Side,19.2,20,12.1,02
1,East Side,19.2,20,12.1,19
920,East Side,19.2,20,12.1,26
3,East Side,19.2,20,12.1,13
1532,East Side,19.2,20,12.1,08B
2,East Side,19.2,20,12.1,12
48,East Side,19.2,20,12.1,10
209,East Side,19.2,20,12.1,04B
3,East Side,19.2,20,12.1,16
52,East Side,19.2,20,12.1,20
443,East Side,19.2,20,12.1,07
136,East Side,19.2,20,12.1,24
99,East Side,19.2,20,12.1,15
21,East Side,19.2,20,12.1,22
152,East Side,19.2,20,12.1,03
209,East Side,19.2,20,12.1,11
39,East Side,19.2,20,12.1,17
579,East Side,19.2,20,12.1,08A
1405,East Side,19.2,20,12.1,06
923,East Side,19.2,20,12.1,05
590,West Pullman,25.9,20,19.4,15
1257,West Pullman,25.9,20,19.4,03
22,West Pullman,25.9,20,19.4,22
1680,West Pullman,25.9,20,19.4,07
233,West Pullman,25.9,20,19.4,24
4363,West Pullman,25.9,20,19.4,06
2750,West Pullman,25.9,20,19.4,05
592,West Pullman,25.9,20,19.4,11
95,West Pullman,25.9,20,19.4,17
1663,West Pullman,25.9,20,19.4,08A
4132,West Pullman,25.9,20,19.4,14
204,West Pullman,25.9,20,19.4,02
54,West Pullman,25.9,20,19.4,19
2822,West Pullman,25.9,20,19.4,26
6,West Pullman,25.9,20,19.4,13
5385,West Pullman,25.9,20,19.4,08B
3303,West Pullman,25.9,20,19.4,18
57,West Pullman,25.9,20,19.4,01A
721,West Pullman,25.9,20,19.4,04A
62,West Pullman,25.9,20,19.4,09
118,West Pullman,25.9,20,19.4,10
1084,West Pullman,25.9,20,19.4,04B
203,West Pullman,25.9,20,19.4,16
121,West Pullman,25.9,20,19.4,20
1,West Pullman,25.9,20,19.4,12
128,Riverdale,56.5,6,34.6,15
293,Riverdale,56.5,6,34.6,03
4,Riverdale,56.5,6,34.6,22
222,Riverdale,56.5,6,34.6,07
56,Riverdale,56.5,6,34.6,24
758,Riverdale,56.5,6,34.6,06
437,Riverdale,56.5,6,34.6,05
88,Riverdale,56.5,6,34.6,11
593,Riverdale,56.5,6,34.6,08A
32,Riverdale,56.5,6,34.6,17
965,Riverdale,56.5,6,34.6,14
50,Riverdale,56.5,6,34.6,02
1807,Riverdale,56.5,6,34.6,08B
17,Riverdale,56.5,6,34.6,19
725,Riverdale,56.5,6,34.6,26
542,Riverdale,56.5,6,34.6,18
17,Riverdale,56.5,6,34.6,01A
194,Riverdale,56.5,6,34.6,04A
12,Riverdale,56.5,6,34.6,09
11,Riverdale,56.5,6,34.6,10
32,Riverdale,56.5,6,34.6,20
327,Riverdale,56.5,6,34.6,04B
1,Riverdale,56.5,6,34.6,12
73,Hegewisch,17.1,9,9.6,04A
8,Hegewisch,17.1,9,9.6,09
4,Hegewisch,17.1,9,9.6,01A
288,Hegewisch,17.1,9,9.6,18
414,Hegewisch,17.1,9,9.6,26
4,Hegewisch,17.1,9,9.6,19
631,Hegewisch,17.1,9,9.6,08B
4,Hegewisch,17.1,9,9.6,13
22,Hegewisch,17.1,9,9.6,02
681,Hegewisch,17.1,9,9.6,14
78,Hegewisch,17.1,9,9.6,04B
15,Hegewisch,17.1,9,9.6,20
20,Hegewisch,17.1,9,9.6,10
34,Hegewisch,17.1,9,9.6,24
169,Hegewisch,17.1,9,9.6,07
61,Hegewisch,17.1,9,9.6,03
14,Hegewisch,17.1,9,9.6,22
36,Hegewisch,17.1,9,9.6,15
16,Hegewisch,17.1,9,9.6,17
246,Hegewisch,17.1,9,9.6,08A
118,Hegewisch,17.1,9,9.6,11
339,Hegewisch,17.1,9,9.6,05
841,Hegewisch,17.1,9,9.6,06
2351,Garfield Ridge,8.8,30,11.3,14
40,Garfield Ridge,8.8,30,11.3,02
15,Garfield Ridge,8.8,30,11.3,19
1438,Garfield Ridge,8.8,30,11.3,26
2,Garfield Ridge,8.8,30,11.3,13
1777,Garfield Ridge,8.8,30,11.3,08B
1085,Garfield Ridge,8.8,30,11.3,18
10,Garfield Ridge,8.8,30,11.3,01A
154,Garfield Ridge,8.8,30,11.3,04A
22,Garfield Ridge,8.8,30,11.3,09
106,Garfield Ridge,8.8,30,11.3,10
240,Garfield Ridge,8.8,30,11.3,04B
719,Garfield Ridge,8.8,30,11.3,16
42,Garfield Ridge,8.8,30,11.3,20
3,Garfield Ridge,8.8,30,11.3,12
91,Garfield Ridge,8.8,30,11.3,15
300,Garfield Ridge,8.8,30,11.3,03
31,Garfield Ridge,8.8,30,11.3,22
620,Garfield Ridge,8.8,30,11.3,07
104,Garfield Ridge,8.8,30,11.3,24
2899,Garfield Ridge,8.8,30,11.3,06
1062,Garfield Ridge,8.8,30,11.3,05
724,Garfield Ridge,8.8,30,11.3,11
71,Garfield Ridge,8.8,30,11.3,17
638,Garfield Ridge,8.8,30,11.3,08A
2,Archer Heights,14.1,10,16.5,12
39,Archer Heights,14.1,10,16.5,10
123,Archer Heights,14.1,10,16.5,04B
238,Archer Heights,14.1,10,16.5,16
34,Archer Heights,14.1,10,16.5,20
352,Archer Heights,14.1,10,16.5,18
7,Archer Heights,14.1,10,16.5,01A
92,Archer Heights,14.1,10,16.5,04A
20,Archer Heights,14.1,10,16.5,09
1303,Archer Heights,14.1,10,16.5,14
29,Archer Heights,14.1,10,16.5,02
3,Archer Heights,14.1,10,16.5,19
486,Archer Heights,14.1,10,16.5,26
3,Archer Heights,14.1,10,16.5,13
771,Archer Heights,14.1,10,16.5,08B
198,Archer Heights,14.1,10,16.5,11
36,Archer Heights,14.1,10,16.5,17
229,Archer Heights,14.1,10,16.5,08A
1580,Archer Heights,14.1,10,16.5,06
615,Archer Heights,14.1,10,16.5,05
500,Archer Heights,14.1,10,16.5,07
48,Archer Heights,14.1,10,16.5,24
53,Archer Heights,14.1,10,16.5,15
292,Archer Heights,14.1,10,16.5,03
19,Archer Heights,14.1,10,16.5,22
624,Brighton Park,23.6,40,13.9,03
68,Brighton Park,23.6,40,13.9,22
210,Brighton Park,23.6,40,13.9,15
342,Brighton Park,23.6,40,13.9,24
1575,Brighton Park,23.6,40,13.9,07
1433,Brighton Park,23.6,40,13.9,05
2834,Brighton Park,23.6,40,13.9,06
725,Brighton Park,23.6,40,13.9,08A
136,Brighton Park,23.6,40,13.9,17
389,Brighton Park,23.6,40,13.9,11
2824,Brighton Park,23.6,40,13.9,08B
6,Brighton Park,23.6,40,13.9,13
1591,Brighton Park,23.6,40,13.9,26
1,Brighton Park,23.6,40,13.9,19
112,Brighton Park,23.6,40,13.9,02
2671,Brighton Park,23.6,40,13.9,14
270,Brighton Park,23.6,40,13.9,04A
37,Brighton Park,23.6,40,13.9,09
37,Brighton Park,23.6,40,13.9,01A
1451,Brighton Park,23.6,40,13.9,18
116,Brighton Park,23.6,40,13.9,20
416,Brighton Park,23.6,40,13.9,16
517,Brighton Park,23.6,40,13.9,04B
109,Brighton Park,23.6,40,13.9,10
1,Brighton Park,23.6,40,13.9,12
320,McKinley Park,18.7,10,13.4,08A
47,McKinley Park,18.7,10,13.4,17
211,McKinley Park,18.7,10,13.4,11
480,McKinley Park,18.7,10,13.4,05
2041,McKinley Park,18.7,10,13.4,06
47,McKinley Park,18.7,10,13.4,24
483,McKinley Park,18.7,10,13.4,07
1,McKinley Park,18.7,10,13.4,01B
24,McKinley Park,18.7,10,13.4,22
174,McKinley Park,18.7,10,13.4,03
77,McKinley Park,18.7,10,13.4,15
36,McKinley Park,18.7,10,13.4,20
6,McKinley Park,18.7,10,13.4,16
185,McKinley Park,18.7,10,13.4,04B
42,McKinley Park,18.7,10,13.4,10
21,McKinley Park,18.7,10,13.4,09
113,McKinley Park,18.7,10,13.4,04A
8,McKinley Park,18.7,10,13.4,01A
669,McKinley Park,18.7,10,13.4,18
942,McKinley Park,18.7,10,13.4,08B
2,McKinley Park,18.7,10,13.4,13
614,McKinley Park,18.7,10,13.4,26
1,McKinley Park,18.7,10,13.4,19
28,McKinley Park,18.7,10,13.4,02
1233,McKinley Park,18.7,10,13.4,14
29,Bridgeport,18.9,30,13.7,22
240,Bridgeport,18.9,30,13.7,03
85,Bridgeport,18.9,30,13.7,15
123,Bridgeport,18.9,30,13.7,24
607,Bridgeport,18.9,30,13.7,07
1093,Bridgeport,18.9,30,13.7,05
2580,Bridgeport,18.9,30,13.7,06
73,Bridgeport,18.9,30,13.7,17
627,Bridgeport,18.9,30,13.7,08A
278,Bridgeport,18.9,30,13.7,11
1274,Bridgeport,18.9,30,13.7,26
1,Bridgeport,18.9,30,13.7,19
1649,Bridgeport,18.9,30,13.7,08B
6,Bridgeport,18.9,30,13.7,13
55,Bridgeport,18.9,30,13.7,02
2194,Bridgeport,18.9,30,13.7,14
28,Bridgeport,18.9,30,13.7,09
185,Bridgeport,18.9,30,13.7,04A
11,Bridgeport,18.9,30,13.7,01A
646,Bridgeport,18.9,30,13.7,18
240,Bridgeport,18.9,30,13.7,04B
49,Bridgeport,18.9,30,13.7,20
33,Bridgeport,18.9,30,13.7,16
34,Bridgeport,18.9,30,13.7,10
4,Bridgeport,18.9,30,13.7,12
2001,New City,29,40,23,07
609,New City,29,40,23,24
773,New City,29,40,23,15
96,New City,29,40,23,22
1220,New City,29,40,23,03
625,New City,29,40,23,11
1874,New City,29,40,23,08A
178,New City,29,40,23,17
6026,New City,29,40,23,06
2458,New City,29,40,23,05
5766,New City,29,40,23,18
74,New City,29,40,23,01A
99,New City,29,40,23,09
813,New City,29,40,23,04A
4280,New City,29,40,23,14
189,New City,29,40,23,02
14,New City,29,40,23,13
6650,New City,29,40,23,08B
139,New City,29,40,23,19
3213,New City,29,40,23,26
4,New City,29,40,23,12
144,New City,29,40,23,10
542,New City,29,40,23,16
206,New City,29,40,23,20
1458,New City,29,40,23,04B
1613,West Elsdon,15.6,10,16.7,06
795,West Elsdon,15.6,10,16.7,05
244,West Elsdon,15.6,10,16.7,11
41,West Elsdon,15.6,10,16.7,17
272,West Elsdon,15.6,10,16.7,08A
49,West Elsdon,15.6,10,16.7,15
314,West Elsdon,15.6,10,16.7,03
22,West Elsdon,15.6,10,16.7,22
449,West Elsdon,15.6,10,16.7,07
99,West Elsdon,15.6,10,16.7,24
66,West Elsdon,15.6,10,16.7,10
113,West Elsdon,15.6,10,16.7,04B
3,West Elsdon,15.6,10,16.7,16
33,West Elsdon,15.6,10,16.7,20
1,West Elsdon,15.6,10,16.7,12
1471,West Elsdon,15.6,10,16.7,14
22,West Elsdon,15.6,10,16.7,02
4,West Elsdon,15.6,10,16.7,19
620,West Elsdon,15.6,10,16.7,26
853,West Elsdon,15.6,10,16.7,08B
411,West Elsdon,15.6,10,16.7,18
4,West Elsdon,15.6,10,16.7,01A
87,West Elsdon,15.6,10,16.7,04A
11,West Elsdon,15.6,10,16.7,09
382,Gage Park,23.4,30,18.2,24
1486,Gage Park,23.4,30,18.2,07
64,Gage Park,23.4,30,18.2,22
768,Gage Park,23.4,30,18.2,03
278,Gage Park,23.4,30,18.2,15
737,Gage Park,23.4,30,18.2,08A
106,Gage Park,23.4,30,18.2,17
344,Gage Park,23.4,30,18.2,11
1419,Gage Park,23.4,30,18.2,05
3059,Gage Park,23.4,30,18.2,06
34,Gage Park,23.4,30,18.2,01A
65,Gage Park,23.4,30,18.2,09
292,Gage Park,23.4,30,18.2,04A
1951,Gage Park,23.4,30,18.2,18
4,Gage Park,23.4,30,18.2,13
2631,Gage Park,23.4,30,18.2,08B
13,Gage Park,23.4,30,18.2,19
1540,Gage Park,23.4,30,18.2,26
2836,Gage Park,23.4,30,18.2,14
103,Gage Park,23.4,30,18.2,02
68,Gage Park,23.4,30,18.2,16
111,Gage Park,23.4,30,18.2,20
469,Gage Park,23.4,30,18.2,04B
71,Gage Park,23.4,30,18.2,10
2,Clearing,8.9,20,9.5,12
127,Clearing,8.9,20,9.5,04B
36,Clearing,8.9,20,9.5,20
3,Clearing,8.9,20,9.5,16
42,Clearing,8.9,20,9.5,10
108,Clearing,8.9,20,9.5,04A
16,Clearing,8.9,20,9.5,09
3,Clearing,8.9,20,9.5,01A
354,Clearing,8.9,20,9.5,18
877,Clearing,8.9,20,9.5,26
1,Clearing,8.9,20,9.5,19
1151,Clearing,8.9,20,9.5,08B
1,Clearing,8.9,20,9.5,13
20,Clearing,8.9,20,9.5,02
1535,Clearing,8.9,20,9.5,14
38,Clearing,8.9,20,9.5,17
360,Clearing,8.9,20,9.5,08A
256,Clearing,8.9,20,9.5,11
675,Clearing,8.9,20,9.5,05
1458,Clearing,8.9,20,9.5,06
76,Clearing,8.9,20,9.5,24
270,Clearing,8.9,20,9.5,07
116,Clearing,8.9,20,9.5,03
17,Clearing,8.9,20,9.5,22
39,Clearing,8.9,20,9.5,15
607,West Lawn,14.9,30,9.6,18
9,West Lawn,14.9,30,9.6,01A
23,West Lawn,14.9,30,9.6,09
166,West Lawn,14.9,30,9.6,04A
2305,West Lawn,14.9,30,9.6,14
52,West Lawn,14.9,30,9.6,02
1149,West Lawn,14.9,30,9.6,26
5,West Lawn,14.9,30,9.6,13
1549,West Lawn,14.9,30,9.6,08B
88,West Lawn,14.9,30,9.6,10
194,West Lawn,14.9,30,9.6,04B
3,West Lawn,14.9,30,9.6,16
75,West Lawn,14.9,30,9.6,20
749,West Lawn,14.9,30,9.6,07
101,West Lawn,14.9,30,9.6,24
66,West Lawn,14.9,30,9.6,15
25,West Lawn,14.9,30,9.6,22
511,West Lawn,14.9,30,9.6,03
398,West Lawn,14.9,30,9.6,11
75,West Lawn,14.9,30,9.6,17
490,West Lawn,14.9,30,9.6,08A
4305,West Lawn,14.9,30,9.6,06
1321,West Lawn,14.9,30,9.6,05
4,Chicago Lawn,27.9,55,17.1,12
206,Chicago Lawn,27.9,55,17.1,10
1489,Chicago Lawn,27.9,55,17.1,04B
226,Chicago Lawn,27.9,55,17.1,20
299,Chicago Lawn,27.9,55,17.1,16
6718,Chicago Lawn,27.9,55,17.1,18
94,Chicago Lawn,27.9,55,17.1,09
880,Chicago Lawn,27.9,55,17.1,04A
90,Chicago Lawn,27.9,55,17.1,01A
249,Chicago Lawn,27.9,55,17.1,02
5857,Chicago Lawn,27.9,55,17.1,14
4501,Chicago Lawn,27.9,55,17.1,26
163,Chicago Lawn,27.9,55,17.1,19
7853,Chicago Lawn,27.9,55,17.1,08B
17,Chicago Lawn,27.9,55,17.1,13
869,Chicago Lawn,27.9,55,17.1,11
187,Chicago Lawn,27.9,55,17.1,17
2279,Chicago Lawn,27.9,55,17.1,08A
7403,Chicago Lawn,27.9,55,17.1,06
4411,Chicago Lawn,27.9,55,17.1,05
2633,Chicago Lawn,27.9,55,17.1,07
748,Chicago Lawn,27.9,55,17.1,24
765,Chicago Lawn,27.9,55,17.1,15
84,Chicago Lawn,27.9,55,17.1,22
2752,Chicago Lawn,27.9,55,17.1,03
780,West Englewood,34.4,35,35.9,11
2786,West Englewood,34.4,35,35.9,08A
148,West Englewood,34.4,35,35.9,17
8413,West Englewood,34.4,35,35.9,06
4511,West Englewood,34.4,35,35.9,05
2113,West Englewood,34.4,35,35.9,07
528,West Englewood,34.4,35,35.9,24
1129,West Englewood,34.4,35,35.9,15
51,West Englewood,34.4,35,35.9,22
2436,West Englewood,34.4,35,35.9,03
2,West Englewood,34.4,35,35.9,12
188,West Englewood,34.4,35,35.9,10
639,West Englewood,34.4,35,35.9,16
215,West Englewood,34.4,35,35.9,20
2217,West Englewood,34.4,35,35.9,04B
7730,West Englewood,34.4,35,35.9,18
121,West Englewood,34.4,35,35.9,01A
104,West Englewood,34.4,35,35.9,09
1018,West Englewood,34.4,35,35.9,04A
6632,West Englewood,34.4,35,35.9,14
281,West Englewood,34.4,35,35.9,02
9,West Englewood,34.4,35,35.9,13
10186,West Englewood,34.4,35,35.9,08B
224,West Englewood,34.4,35,35.9,19
4630,West Englewood,34.4,35,35.9,26
973,Englewood,46.6,30,28,04A
91,Englewood,46.6,30,28,09
94,Englewood,46.6,30,28,01A
5873,Englewood,46.6,30,28,18
4268,Englewood,46.6,30,28,26
209,Englewood,46.6,30,28,19
10116,Englewood,46.6,30,28,08B
21,Englewood,46.6,30,28,13
265,Englewood,46.6,30,28,02
5605,Englewood,46.6,30,28,14
1,Englewood,46.6,30,28,12
1961,Englewood,46.6,30,28,04B
221,Englewood,46.6,30,28,20
924,Englewood,46.6,30,28,16
125,Englewood,46.6,30,28,10
529,Englewood,46.6,30,28,24
2111,Englewood,46.6,30,28,07
2659,Englewood,46.6,30,28,03
26,Englewood,46.6,30,28,22
859,Englewood,46.6,30,28,15
167,Englewood,46.6,30,28,17
2768,Englewood,46.6,30,28,08A
685,Englewood,46.6,30,28,11
3991,Englewood,46.6,30,28,05
7191,Englewood,46.6,30,28,06
1122,Greater Grand Crossing,29.6,30,23,11
131,Greater Grand Crossing,29.6,30,23,17
2346,Greater Grand Crossing,29.6,30,23,08A
6350,Greater Grand Crossing,29.6,30,23,06
3316,Greater Grand Crossing,29.6,30,23,05
2534,Greater Grand Crossing,29.6,30,23,07
486,Greater Grand Crossing,29.6,30,23,24
725,Greater Grand Crossing,29.6,30,23,15
48,Greater Grand Crossing,29.6,30,23,22
2739,Greater Grand Crossing,29.6,30,23,03
1,Greater Grand Crossing,29.6,30,23,12
210,Greater Grand Crossing,29.6,30,23,10
1790,Greater Grand Crossing,29.6,30,23,04B
116,Greater Grand Crossing,29.6,30,23,16
182,Greater Grand Crossing,29.6,30,23,20
5365,Greater Grand Crossing,29.6,30,23,18
102,Greater Grand Crossing,29.6,30,23,01A
66,Greater Grand Crossing,29.6,30,23,09
946,Greater Grand Crossing,29.6,30,23,04A
4917,Greater Grand Crossing,29.6,30,23,14
238,Greater Grand Crossing,29.6,30,23,02
109,Greater Grand Crossing,29.6,30,23,19
4963,Greater Grand Crossing,29.6,30,23,26
12,Greater Grand Crossing,29.6,30,23,13
8395,Greater Grand Crossing,29.6,30,23,08B
757,Ashburn,10.4,40,11.7,03
23,Ashburn,10.4,40,11.7,22
166,Ashburn,10.4,40,11.7,15
213,Ashburn,10.4,40,11.7,24
875,Ashburn,10.4,40,11.7,07
1923,Ashburn,10.4,40,11.7,05
3272,Ashburn,10.4,40,11.7,06
86,Ashburn,10.4,40,11.7,17
831,Ashburn,10.4,40,11.7,08A
561,Ashburn,10.4,40,11.7,11
1797,Ashburn,10.4,40,11.7,26
13,Ashburn,10.4,40,11.7,19
2255,Ashburn,10.4,40,11.7,08B
11,Ashburn,10.4,40,11.7,13
70,Ashburn,10.4,40,11.7,02
2780,Ashburn,10.4,40,11.7,14
305,Ashburn,10.4,40,11.7,04A
21,Ashburn,10.4,40,11.7,09
24,Ashburn,10.4,40,11.7,01A
933,Ashburn,10.4,40,11.7,18
353,Ashburn,10.4,40,11.7,04B
81,Ashburn,10.4,40,11.7,20
21,Ashburn,10.4,40,11.7,16
104,Ashburn,10.4,40,11.7,10
3,Ashburn,10.4,40,11.7,12
10,Auburn Gresham,27.6,40,28.3,12
1777,Auburn Gresham,27.6,40,28.3,04B
434,Auburn Gresham,27.6,40,28.3,16
222,Auburn Gresham,27.6,40,28.3,20
263,Auburn Gresham,27.6,40,28.3,10
89,Auburn Gresham,27.6,40,28.3,01A
997,Auburn Gresham,27.6,40,28.3,04A
75,Auburn Gresham,27.6,40,28.3,09
7487,Auburn Gresham,27.6,40,28.3,18
154,Auburn Gresham,27.6,40,28.3,19
5501,Auburn Gresham,27.6,40,28.3,26
10,Auburn Gresham,27.6,40,28.3,13
9134,Auburn Gresham,27.6,40,28.3,08B
5709,Auburn Gresham,27.6,40,28.3,14
244,Auburn Gresham,27.6,40,28.3,02
163,Auburn Gresham,27.6,40,28.3,17
2623,Auburn Gresham,27.6,40,28.3,08A
1160,Auburn Gresham,27.6,40,28.3,11
4610,Auburn Gresham,27.6,40,28.3,05
7731,Auburn Gresham,27.6,40,28.3,06
532,Auburn Gresham,27.6,40,28.3,24
2465,Auburn Gresham,27.6,40,28.3,07
2691,Auburn Gresham,27.6,40,28.3,03
49,Auburn Gresham,27.6,40,28.3,22
863,Auburn Gresham,27.6,40,28.3,15
5,Beverly,5.1,20,8,12
63,Beverly,5.1,20,8,04B
39,Beverly,5.1,20,8,20
64,Beverly,5.1,20,8,10
4,Beverly,5.1,20,8,01A
54,Beverly,5.1,20,8,04A
7,Beverly,5.1,20,8,09
167,Beverly,5.1,20,8,18
791,Beverly,5.1,20,8,26
2,Beverly,5.1,20,8,13
705,Beverly,5.1,20,8,08B
991,Beverly,5.1,20,8,14
19,Beverly,5.1,20,8,02
21,Beverly,5.1,20,8,17
280,Beverly,5.1,20,8,08A
402,Beverly,5.1,20,8,11
745,Beverly,5.1,20,8,05
1887,Beverly,5.1,20,8,06
31,Beverly,5.1,20,8,24
282,Beverly,5.1,20,8,07
190,Beverly,5.1,20,8,03
16,Beverly,5.1,20,8,22
26,Beverly,5.1,20,8,15
107,Washington Height,16.9,20,20.8,02
2724,Washington Height,16.9,20,20.8,14
2322,Washington Height,16.9,20,20.8,26
58,Washington Height,16.9,20,20.8,19
3479,Washington Height,16.9,20,20.8,08B
3,Washington Height,16.9,20,20.8,13
2040,Washington Height,16.9,20,20.8,18
27,Washington Height,16.9,20,20.8,09
397,Washington Height,16.9,20,20.8,04A
29,Washington Height,16.9,20,20.8,01A
133,Washington Height,16.9,20,20.8,10
516,Washington Height,16.9,20,20.8,04B
112,Washington Height,16.9,20,20.8,20
31,Washington Height,16.9,20,20.8,16
1,Washington Height,16.9,20,20.8,12
342,Washington Height,16.9,20,20.8,15
15,Washington Height,16.9,20,20.8,22
1024,Washington Height,16.9,20,20.8,03
1248,Washington Height,16.9,20,20.8,07
192,Washington Height,16.9,20,20.8,24
3894,Washington Height,16.9,20,20.8,06
1939,Washington Height,16.9,20,20.8,05
603,Washington Height,16.9,20,20.8,11
69,Washington Height,16.9,20,20.8,17
1099,Washington Height,16.9,20,20.8,08A
29,Mount Greenwood,3.4,10,8.7,17
263,Mount Greenwood,3.4,10,8.7,08A
195,Mount Greenwood,3.4,10,8.7,11
207,Mount Greenwood,3.4,10,8.7,05
1041,Mount Greenwood,3.4,10,8.7,06
25,Mount Greenwood,3.4,10,8.7,24
87,Mount Greenwood,3.4,10,8.7,07
23,Mount Greenwood,3.4,10,8.7,22
58,Mount Greenwood,3.4,10,8.7,03
16,Mount Greenwood,3.4,10,8.7,15
56,Mount Greenwood,3.4,10,8.7,04B
24,Mount Greenwood,3.4,10,8.7,20
26,Mount Greenwood,3.4,10,8.7,10
2,Mount Greenwood,3.4,10,8.7,09
40,Mount Greenwood,3.4,10,8.7,04A
158,Mount Greenwood,3.4,10,8.7,18
621,Mount Greenwood,3.4,10,8.7,26
2,Mount Greenwood,3.4,10,8.7,19
598,Mount Greenwood,3.4,10,8.7,08B
15,Mount Greenwood,3.4,10,8.7,02
703,Mount Greenwood,3.4,10,8.7,14
14,Morgan Park,13.2,20,15,22
503,Morgan Park,13.2,20,15,03
176,Morgan Park,13.2,20,15,15
135,Morgan Park,13.2,20,15,24
649,Morgan Park,13.2,20,15,07
1339,Morgan Park,13.2,20,15,05
3191,Morgan Park,13.2,20,15,06
56,Morgan Park,13.2,20,15,17
807,Morgan Park,13.2,20,15,08A
538,Morgan Park,13.2,20,15,11
33,Morgan Park,13.2,20,15,19
1755,Morgan Park,13.2,20,15,26
6,Morgan Park,13.2,20,15,13
2341,Morgan Park,13.2,20,15,08B
1890,Morgan Park,13.2,20,15,14
58,Morgan Park,13.2,20,15,02
28,Morgan Park,13.2,20,15,01A
15,Morgan Park,13.2,20,15,09
256,Morgan Park,13.2,20,15,04A
1298,Morgan Park,13.2,20,15,18
327,Morgan Park,13.2,20,15,04B
6,Morgan Park,13.2,20,15,16
80,Morgan Park,13.2,20,15,20
102,Morgan Park,13.2,20,15,10
2,Morgan Park,13.2,20,15,12
609,O'Hare,15.4,10,7.1,11
36,O'Hare,15.4,10,7.1,17
296,O'Hare,15.4,10,7.1,08A
3033,O'Hare,15.4,10,7.1,06
125,O'Hare,15.4,10,7.1,05
266,O'Hare,15.4,10,7.1,07
31,O'Hare,15.4,10,7.1,24
35,O'Hare,15.4,10,7.1,15
4,O'Hare,15.4,10,7.1,22
40,O'Hare,15.4,10,7.1,03
8,O'Hare,15.4,10,7.1,12
62,O'Hare,15.4,10,7.1,10
32,O'Hare,15.4,10,7.1,04B
6,O'Hare,15.4,10,7.1,16
11,O'Hare,15.4,10,7.1,20
371,O'Hare,15.4,10,7.1,18
1,O'Hare,15.4,10,7.1,01A
2,O'Hare,15.4,10,7.1,09
20,O'Hare,15.4,10,7.1,04A
802,O'Hare,15.4,10,7.1,14
10,O'Hare,15.4,10,7.1,02
3473,O'Hare,15.4,10,7.1,26
3,O'Hare,15.4,10,7.1,13
875,O'Hare,15.4,10,7.1,08B
68,Edgewater,18.2,50,9.2,02
1992,Edgewater,18.2,50,9.2,14
1946,Edgewater,18.2,50,9.2,26
10,Edgewater,18.2,50,9.2,19
2723,Edgewater,18.2,50,9.2,08B
4,Edgewater,18.2,50,9.2,13
914,Edgewater,18.2,50,9.2,18
17,Edgewater,18.2,50,9.2,09
172,Edgewater,18.2,50,9.2,04A
18,Edgewater,18.2,50,9.2,01A
139,Edgewater,18.2,50,9.2,10
293,Edgewater,18.2,50,9.2,04B
41,Edgewater,18.2,50,9.2,20
13,Edgewater,18.2,50,9.2,16
5,Edgewater,18.2,50,9.2,12
78,Edgewater,18.2,50,9.2,15
52,Edgewater,18.2,50,9.2,22
661,Edgewater,18.2,50,9.2,03
687,Edgewater,18.2,50,9.2,07
137,Edgewater,18.2,50,9.2,24
5132,Edgewater,18.2,50,9.2,06
1251,Edgewater,18.2,50,9.2,05
805,Edgewater,18.2,50,9.2,11
100,Edgewater,18.2,50,9.2,17
802,Edgewater,18.2,50,9.2,08A
